{"cameraMode":{"drawMode":0,"name":"Shaded","section":"Shading Mode"},"sceneLighting":false,"audioPlay":false,"sceneViewState":{"m_AlwaysRefresh":false,"showFog":true,"showSkybox":false,"showFlares":true,"showImageEffects":true,"showParticleSystems":true,"showVisualEffectGraphs":true,"m_FxEnabled":true},"in2DMode":false,"pivot":{"x":0.6790906190872192,"y":0.9830938577651978,"z":-0.16578471660614015},"rotation":{"x":0.21883313357830048,"y":0.2704971134662628,"z":-0.06327340751886368,"w":0.935404896736145},"size":1.119821548461914,"orthographic":false}