{"cameraMode":{"drawMode":0,"name":"Shaded","section":"Shading Mode"},"sceneLighting":true,"audioPlay":false,"sceneViewState":{"m_AlwaysRefresh":false,"showFog":true,"showSkybox":true,"showFlares":true,"showImageEffects":true,"showParticleSystems":true,"showVisualEffectGraphs":true,"m_FxEnabled":true},"in2DMode":false,"pivot":{"x":6.6447858810424809,"y":-4.293476104736328,"z":-27.562345504760743},"rotation":{"x":0.25907424092292788,"y":-0.13297346234321595,"z":0.037032999098300937,"w":0.9566317796707153},"size":8.461568832397461,"orthographic":false}