{"cameraMode":{"drawMode":0,"name":"Shaded","section":"Shading Mode"},"sceneLighting":true,"audioPlay":false,"sceneViewState":{"m_AlwaysRefresh":false,"showFog":true,"showSkybox":true,"showFlares":true,"showImageEffects":true,"showParticleSystems":true,"showVisualEffectGraphs":true,"m_FxEnabled":true},"in2DMode":false,"pivot":{"x":6.184561252593994,"y":5.625773906707764,"z":-46.101192474365237},"rotation":{"x":0.24712449312210084,"y":0.34305062890052798,"z":-0.09201644361019135,"w":0.9025132060050964},"size":1.209392786026001,"orthographic":false}