{"cameraMode":{"drawMode":0,"name":"Shaded","section":"Shading Mode"},"sceneLighting":true,"audioPlay":false,"sceneViewState":{"m_AlwaysRefresh":false,"showFog":true,"showSkybox":true,"showFlares":true,"showImageEffects":true,"showParticleSystems":true,"showVisualEffectGraphs":true,"m_FxEnabled":true},"in2DMode":false,"pivot":{"x":-0.00029036402702331543,"y":-2.1648330688476564,"z":-43.17692184448242},"rotation":{"x":-0.2921963632106781,"y":0.2765381336212158,"z":-0.09016589820384979,"w":-0.9115861058235169},"size":1.1701480150222779,"orthographic":false}