{
    "name": "root",
    "gauges": {
        "CollectAllDiamonds.Policy.Entropy.mean": {
            "value": 0.9216247797012329,
            "min": 0.9211419820785522,
            "max": 1.4255833625793457,
            "count": 50
        },
        "CollectAllDiamonds.Policy.Entropy.sum": {
            "value": 9229.150390625,
            "min": 9099.3271484375,
            "max": 14498.1826171875,
            "count": 50
        },
        "CollectAllDiamonds.Environment.EpisodeLength.mean": {
            "value": 607.9736842105264,
            "min": 8.597701149425287,
            "max": 1571.076923076923,
            "count": 49
        },
        "CollectAllDiamonds.Environment.EpisodeLength.sum": {
            "value": 23103.0,
            "min": 990.0,
            "max": 31494.0,
            "count": 49
        },
        "CollectAllDiamonds.Step.mean": {
            "value": 499955.0,
            "min": 9979.0,
            "max": 499955.0,
            "count": 50
        },
        "CollectAllDiamonds.Step.sum": {
            "value": 499955.0,
            "min": 9979.0,
            "max": 499955.0,
            "count": 50
        },
        "CollectAllDiamonds.Policy.ExtrinsicValueEstimate.mean": {
            "value": -59.18516540527344,
            "min": -98.34513854980469,
            "max": -8.931665420532227,
            "count": 50
        },
        "CollectAllDiamonds.Policy.ExtrinsicValueEstimate.sum": {
            "value": -10416.5888671875,
            "min": -74862.5859375,
            "max": -1393.33984375,
            "count": 50
        },
        "CollectAllDiamonds.Environment.CumulativeReward.mean": {
            "value": -222.73684210526315,
            "min": -387.65384615384613,
            "max": -103.1829268292683,
            "count": 49
        },
        "CollectAllDiamonds.Environment.CumulativeReward.sum": {
            "value": -8464.0,
            "min": -79260.0,
            "max": -1756.0,
            "count": 49
        },
        "CollectAllDiamonds.Policy.ExtrinsicReward.mean": {
            "value": -222.73684210526315,
            "min": -387.65384615384613,
            "max": -103.1829268292683,
            "count": 49
        },
        "CollectAllDiamonds.Policy.ExtrinsicReward.sum": {
            "value": -8464.0,
            "min": -79260.0,
            "max": -1756.0,
            "count": 49
        },
        "CollectAllDiamonds.Losses.PolicyLoss.mean": {
            "value": 0.24338036003255734,
            "min": 0.2375109556557052,
            "max": 0.25416138900675,
            "count": 50
        },
        "CollectAllDiamonds.Losses.PolicyLoss.sum": {
            "value": 18.2535270024418,
            "min": 16.992888227301243,
            "max": 21.746526280086865,
            "count": 50
        },
        "CollectAllDiamonds.Losses.ValueLoss.mean": {
            "value": 413.5166965845576,
            "min": 0.2698799335995835,
            "max": 553.7777995712329,
            "count": 50
        },
        "CollectAllDiamonds.Losses.ValueLoss.sum": {
            "value": 31013.752243841824,
            "min": 19.701235152769595,
            "max": 42640.890566984934,
            "count": 50
        },
        "CollectAllDiamonds.Policy.LearningRate.mean": {
            "value": 3.002458999213334e-06,
            "min": 3.002458999213334e-06,
            "max": 0.0002969801620455739,
            "count": 50
        },
        "CollectAllDiamonds.Policy.LearningRate.sum": {
            "value": 0.00022518442494100005,
            "min": 0.00022518442494100005,
            "max": 0.02286747247750919,
            "count": 50
        },
        "CollectAllDiamonds.Policy.Epsilon.mean": {
            "value": 0.10100078666666668,
            "min": 0.10100078666666668,
            "max": 0.19899338701298705,
            "count": 50
        },
        "CollectAllDiamonds.Policy.Epsilon.sum": {
            "value": 7.575059,
            "min": 7.575059,
            "max": 15.322490800000002,
            "count": 50
        },
        "CollectAllDiamonds.Policy.Beta.mean": {
            "value": 0.0005000000000000001,
            "min": 0.0005,
            "max": 0.0005000000000000001,
            "count": 50
        },
        "CollectAllDiamonds.Policy.Beta.sum": {
            "value": 0.037500000000000006,
            "min": 0.035500000000000004,
            "max": 0.04500000000000001,
            "count": 50
        },
        "CollectAllDiamonds.IsTraining.mean": {
            "value": 1.0,
            "min": 1.0,
            "max": 1.0,
            "count": 50
        },
        "CollectAllDiamonds.IsTraining.sum": {
            "value": 1.0,
            "min": 1.0,
            "max": 1.0,
            "count": 50
        }
    },
    "metadata": {
        "timer_format_version": "0.1.0",
        "start_time_seconds": "1723215790",
        "python_version": "3.9.13 (tags/v3.9.13:6de2ca5, May 17 2022, 16:36:42) [MSC v.1929 64 bit (AMD64)]",
        "command_line_arguments": "D:\\Studia\\Thesis\\Stealth game\\venv\\Scripts\\mlagents-learn config\\collectAllDiamonds.yaml --time-scale=3 --initialize-from=playerMlAgenttest3 --run-id playerMlAgenttest4",
        "mlagents_version": "0.30.0",
        "mlagents_envs_version": "0.30.0",
        "communication_protocol_version": "1.5.0",
        "pytorch_version": "2.2.2+cu121",
        "numpy_version": "1.21.2",
        "end_time_seconds": "1723226766"
    },
    "total": 10975.600080100001,
    "count": 1,
    "self": 0.005838500001118518,
    "children": {
        "run_training.setup": {
            "total": 0.08878120000000012,
            "count": 1,
            "self": 0.08878120000000012
        },
        "TrainerController.start_learning": {
            "total": 10975.5054604,
            "count": 1,
            "self": 1.794406299966795,
            "children": {
                "TrainerController._reset_env": {
                    "total": 8.476061,
                    "count": 1,
                    "self": 8.476061
                },
                "TrainerController.advance": {
                    "total": 10965.177739400035,
                    "count": 90761,
                    "self": 1.7130296000104863,
                    "children": {
                        "env_step": {
                            "total": 9691.75385839985,
                            "count": 90761,
                            "self": 9540.629264999598,
                            "children": {
                                "SubprocessEnvManager._take_step": {
                                    "total": 150.00650710012636,
                                    "count": 90762,
                                    "self": 5.021176400105418,
                                    "children": {
                                        "TorchPolicy.evaluate": {
                                            "total": 144.98533070002094,
                                            "count": 83393,
                                            "self": 144.98533070002094
                                        }
                                    }
                                },
                                "workers": {
                                    "total": 1.1180863001260732,
                                    "count": 90761,
                                    "self": 0.0,
                                    "children": {
                                        "worker_root": {
                                            "total": 10946.427558099705,
                                            "count": 90761,
                                            "is_parallel": true,
                                            "self": 1514.5504753996975,
                                            "children": {
                                                "steps_from_proto": {
                                                    "total": 0.0006158999999987813,