{"count":1,"self":30.9692416,"total":31.659444299999997,"children":{"InitializeActuators":{"count":2,"self":0.0009994,"total":0.0009994,"children":null},"InitializeSensors":{"count":2,"self":0.0015153999999999999,"total":0.0015153999999999999,"children":null},"AgentSendState":{"count":1157,"self":0.049556499999999996,"total":0.1185271,"children":{"CollectObservations":{"count":215,"self":0.056962599999999995,"total":0.056962599999999995,"children":null},"WriteActionMask":{"count":215,"self":0.0019963999999999997,"total":0.0019963999999999997,"children":null},"RequestDecision":{"count":215,"self":0.010011599999999999,"total":0.010011599999999999,"children":null}}},"DecideAction":{"count":1157,"self":0.2453174,"total":0.2463137,"children":{"RayPerceptionSensor.Perceive":{"count":215,"self":0.00099629999999999988,"total":0.00099629999999999988,"children":null}}},"AgentAct":{"count":1157,"self":0.3218531,"total":0.3218531,"children":null}},"gauges":{},"metadata":{"timer_format_version":"0.1.0","start_time_seconds":"1731446249","unity_version":"2022.3.21f1","command_line_arguments":"C:\\Program Files\\Unity\\Hub\\Editor\\2022.3.21f1\\Editor\\Unity.exe -projectpath D:\\Studia\\Thesis\\Stealth game\\Stealth Game -useHub -hubIPC -cloudEnvironment production -licensingIpc LicenseClient-ksawe -hubSessionId 5fc9cf6f-7c38-4979-9a56-32ad66557555 -accessToken Jf52nTCslquAhNjbqf-AVO_zxKLLJqmFdKnx8HQTJ3o001f","communication_protocol_version":"1.5.0","com.unity.ml-agents_version":"2.0.1","scene_name":"Level2-MlAgentsTraining-Spectating","end_time_seconds":"1731446281"}}