{"count":1,"self":11284.8011264,"total":15811.6481871,"children":{"InitializeActuators":{"count":16,"self":0.0019989,"total":0.0019989,"children":null},"InitializeSensors":{"count":16,"self":0.0019984,"total":0.0019984,"children":null},"AgentSendState":{"count":376101,"self":93.7316736,"total":484.20254939999995,"children":{"CollectObservations":{"count":1203536,"self":156.308416,"total":156.3084103,"children":null},"WriteActionMask":{"count":1203536,"self":1.2138094,"total":1.2138094,"children":null},"RequestDecision":{"count":1203536,"self":4.1466468,"total":232.9486571,"children":{"AgentInfo.ToProto":{"count":1203536,"self":4.0280832,"total":228.8020104,"children":{"GenerateSensorData":{"count":1203536,"self":221.6644608,"total":224.77392709999998,"children":{"RayPerceptionSensor.Perceive":{"count":1203536,"self":3.1094732,"total":3.1094730999999998,"children":null}}}}}}}}},"DecideAction":{"count":376101,"self":3121.4446592,"total":3121.4445785,"children":null},"AgentAct":{"count":376101,"self":919.6954624,"total":919.8351514,"children":{"AgentInfo.ToProto":{"count":556,"self":0.0030182,"total":0.13965819999999998,"children":{"GenerateSensorData":{"count":556,"self":0.1316456,"total":0.13663999999999998,"children":{"RayPerceptionSensor.Perceive":{"count":556,"self":0.0049943999999999995,"total":0.0049943999999999995,"children":null}}}}}}},"AgentInfo.ToProto":{"count":5486,"self":0.052686199999999996,"total":1.3606643,"children":{"GenerateSensorData":{"count":5486,"self":1.2888423999999998,"total":1.3079781,"children":{"RayPerceptionSensor.Perceive":{"count":5486,"self":0.0191357,"total":0.0191357,"children":null}}}}}},"gauges":{"CollectAllDiamonds.CumulativeReward":{"count":6042,"max":64.8,"min":-21.6000328,"runningAverage":-3.400197,"value":-8,"weightedAverage":-8.95052}},"metadata":{"timer_format_version":"0.1.0","start_time_seconds":"1726651433","unity_version":"2022.3.21f1","command_line_arguments":"C:\\Program Files\\Unity\\Hub\\Editor\\2022.3.21f1\\Editor\\Unity.exe -projectpath D:\\Studia\\Thesis\\Stealth game\\Stealth Game -useHub -hubIPC -cloudEnvironment production -licensingIpc LicenseClient-4T1cfEq1cKj0H0opYC7sZ -hubSessionId 1c775d2d-a095-4e7f-81dd-c8f5375e742a -accessToken BAb-TFifc1BVM_RkYh8c7EZGvqMANTM9ArB3lEVFP18001f","communication_protocol_version":"1.5.0","com.unity.ml-agents_version":"2.0.1","scene_name":"Level1-mlagents-training2","end_time_seconds":"1726667245"}}