{"count":1,"self":6124.0246271999995,"total":7647.3850668,"children":{"InitializeActuators":{"count":12,"self":0.0029990999999999998,"total":0.0029990999999999998,"children":null},"InitializeSensors":{"count":12,"self":0.0019986,"total":0.0019986,"children":null},"AgentSendState":{"count":185961,"self":100.6891328,"total":340.3272392,"children":{"CollectObservations":{"count":446316,"self":139.93736959999998,"total":139.9373642,"children":null},"WriteActionMask":{"count":446316,"self":0.48983289999999996,"total":0.48983289999999996,"children":null},"RequestDecision":{"count":446316,"self":1.7266472,"total":99.2109119,"children":{"AgentInfo.ToProto":{"count":446316,"self":1.6907847999999999,"total":97.484264799999991,"children":{"GenerateSensorData":{"count":446316,"self":93.541152,"total":95.7934801,"children":{"RayPerceptionSensor.Perceive":{"count":446316,"self":2.2523299999999997,"total":2.2523299,"children":null}}}}}}}}},"DecideAction":{"count":185961,"self":593.865472,"total":593.86549059999993,"children":null},"AgentAct":{"count":185961,"self":588.2192896,"total":588.22531159999994,"children":{"AgentInfo.ToProto":{"count":15,"self":0,"total":0.005997,"children":{"GenerateSensorData":{"count":15,"self":0.005997,"total":0.005997,"children":{"RayPerceptionSensor.Perceive":{"count":15,"self":0,"total":0,"children":null}}}}}}},"AgentInfo.ToProto":{"count":3051,"self":0.0348994,"total":0.9364581,"children":{"GenerateSensorData":{"count":3051,"self":0.8785069,"total":0.90155869999999994,"children":{"RayPerceptionSensor.Perceive":{"count":3051,"self":0.023051799999999997,"total":0.023051799999999997,"children":null}}}}}},"gauges":{"CollectAllDiamonds.CumulativeReward":{"count":3066,"max":32.56806,"min":-27.7290077,"runningAverage":11.8464985,"value":16.199,"weightedAverage":8.792084}},"metadata":{"timer_format_version":"0.1.0","start_time_seconds":"1725655232","unity_version":"2022.3.21f1","command_line_arguments":"C:\\Program Files\\Unity\\Hub\\Editor\\2022.3.21f1\\Editor\\Unity.exe -projectpath D:\\Studia\\Thesis\\Stealth game\\Stealth Game -useHub -hubIPC -cloudEnvironment production -licensingIpc LicenseClient-ksawe -hubSessionId 3526b0f6-b322-4ad4-9984-1393e3f2ce7a -accessToken IUOEZZRnsMZ-riWhTfeU2s6W4FlYRwTi3xpxXOIeiEE001f","communication_protocol_version":"1.5.0","com.unity.ml-agents_version":"2.0.1","scene_name":"Level1-mlagents-training2","end_time_seconds":"1725662879"}}