{"count":1,"self":4440.8430591999995,"total":5394.5690546,"children":{"InitializeActuators":{"count":12,"self":0.0009988,"total":0.0009988,"children":null},"InitializeSensors":{"count":12,"self":0.0019998,"total":0.0019998,"children":null},"AgentSendState":{"count":121704,"self":61.436608,"total":204.40533119999998,"children":{"CollectObservations":{"count":292092,"self":79.0017472,"total":79.0017457,"children":null},"WriteActionMask":{"count":292092,"self":0.2508615,"total":0.2508615,"children":null},"RequestDecision":{"count":292092,"self":1.1924576,"total":63.716118699999996,"children":{"AgentInfo.ToProto":{"count":292092,"self":1.0887619,"total":62.5236611,"children":{"GenerateSensorData":{"count":292092,"self":59.939007999999994,"total":61.4348992,"children":{"RayPerceptionSensor.Perceive":{"count":292092,"self":1.4958936999999999,"total":1.4958936999999999,"children":null}}}}}}}}},"DecideAction":{"count":121704,"self":395.9770112,"total":395.9770193,"children":null},"AgentAct":{"count":121704,"self":352.55769599999996,"total":352.55770459999997,"children":null},"AgentInfo.ToProto":{"count":2276,"self":0.027012699999999997,"total":0.78198269999999992,"children":{"GenerateSensorData":{"count":2276,"self":0.73994989999999994,"total":0.75496999999999992,"children":{"RayPerceptionSensor.Perceive":{"count":2276,"self":0.0150201,"total":0.0150201,"children":null}}}}}},"gauges":{"CollectAllDiamonds.CumulativeReward":{"count":2276,"max":30.4509659,"min":-9.219996,"runningAverage":5.62992859,"value":12.203001,"weightedAverage":7.686027}},"metadata":{"timer_format_version":"0.1.0","start_time_seconds":"1725743731","unity_version":"2022.3.21f1","command_line_arguments":"C:\\Program Files\\Unity\\Hub\\Editor\\2022.3.21f1\\Editor\\Unity.exe -projectpath D:\\Studia\\Thesis\\Stealth game\\Stealth Game -useHub -hubIPC -cloudEnvironment production -licensingIpc LicenseClient-ksawe -hubSessionId f8cdb940-3595-4267-993d-e90263d4ebcc -accessToken bOZL6CMDY3MwQ1BGZY0cPWDp6NdIHJnqGJVI4MsQJAE001f","communication_protocol_version":"1.5.0","com.unity.ml-agents_version":"2.0.1","scene_name":"Level1-mlagents-training2","end_time_seconds":"1725749125"}}