{"count":1,"self":65.0063232,"total":907.7524661,"children":{"InitializeActuators":{"count":24,"self":0.0010000999999999999,"total":0.0010000999999999999,"children":null},"InitializeSensors":{"count":24,"self":0.0019993999999999997,"total":0.0019993999999999997,"children":null},"AgentSendState":{"count":40534,"self":12.4459696,"total":53.762235999999994,"children":{"CollectObservations":{"count":194568,"self":7.44604,"total":7.4460397,"children":null},"WriteActionMask":{"count":194568,"self":0.1345864,"total":0.1345864,"children":null},"RequestDecision":{"count":194568,"self":0.6087346,"total":33.7356403,"children":{"AgentInfo.ToProto":{"count":194568,"self":0.60177629999999993,"total":33.1269057,"children":{"GenerateSensorData":{"count":194568,"self":31.8080224,"total":32.5251294,"children":{"RayPerceptionSensor.Perceive":{"count":194568,"self":0.71710639999999992,"total":0.71710639999999992,"children":null}}}}}}}}},"DecideAction":{"count":40534,"self":741.3744128,"total":741.3744362,"children":null},"AgentAct":{"count":40534,"self":46.8722016,"total":46.8801835,"children":{"AgentInfo.ToProto":{"count":16,"self":0,"total":0.0079826999999999988,"children":{"GenerateSensorData":{"count":16,"self":0.0069838999999999995,"total":0.0079826999999999988,"children":{"RayPerceptionSensor.Perceive":{"count":16,"self":0.0009988,"total":0.0009988,"children":null}}}}}}},"AgentInfo.ToProto":{"count":2219,"self":0.0220477,"total":0.72628549999999992,"children":{"GenerateSensorData":{"count":2219,"self":0.6932436,"total":0.70423779999999991,"children":{"RayPerceptionSensor.Perceive":{"count":2219,"self":0.010994199999999999,"total":0.010994199999999999,"children":null}}}}}},"gauges":{"CollectAllDiamonds.CumulativeReward":{"count":2235,"max":246.700027,"min":-107.399826,"runningAverage":74.38929,"value":99.50007,"weightedAverage":111.010292}},"metadata":{"timer_format_version":"0.1.0","start_time_seconds":"1724603021","unity_version":"2022.3.21f1","command_line_arguments":"C:\\Program Files\\Unity\\Hub\\Editor\\2022.3.21f1\\Editor\\Unity.exe -projectpath D:\\Studia\\Thesis\\Stealth game\\Stealth Game -useHub -hubIPC -cloudEnvironment production -licensingIpc LicenseClient-ksawe -hubSessionId 587ad2e7-2851-4abd-a664-34f85198e831 -accessToken 3ybT0lLMbnam-X8kC8o6nRjulbbcUFwGSxTfNOC_lto001f","communication_protocol_version":"1.5.0","com.unity.ml-agents_version":"2.0.1","scene_name":"Mlagent-FifthTest-Djikstra","end_time_seconds":"1724603929"}}