{"count":1,"self":487.77943039999997,"total":6529.7608697999995,"children":{"InitializeActuators":{"count":24,"self":0.0009964,"total":0.0009964,"children":null},"InitializeSensors":{"count":24,"self":0.0040022,"total":0.0040022,"children":null},"AgentSendState":{"count":309251,"self":96.0194944,"total":437.705941,"children":{"CollectObservations":{"count":1484424,"self":57.238367999999994,"total":57.238366299999996,"children":null},"WriteActionMask":{"count":1484424,"self":0.9660694,"total":0.9660694,"children":null},"RequestDecision":{"count":1484424,"self":4.3061376,"total":283.48200929999996,"children":{"AgentInfo.ToProto":{"count":1484424,"self":4.3855904,"total":279.1758716,"children":{"GenerateSensorData":{"count":1484424,"self":270.0566272,"total":274.790281,"children":{"RayPerceptionSensor.Perceive":{"count":1484424,"self":4.7336567999999994,"total":4.7336566,"children":null}}}}}}}}},"DecideAction":{"count":309251,"self":5225.1877375999993,"total":5225.1875334,"children":null},"AgentAct":{"count":309251,"self":373.6049408,"total":373.61891479999997,"children":{"AgentInfo.ToProto":{"count":26,"self":0,"total":0.013982699999999999,"children":{"GenerateSensorData":{"count":26,"self":0.012985799999999999,"total":0.013982699999999999,"children":{"RayPerceptionSensor.Perceive":{"count":26,"self":0.0009969,"total":0.0009969,"children":null}}}}}}},"AgentInfo.ToProto":{"count":16273,"self":0.1404071,"total":5.4620717999999995,"children":{"GenerateSensorData":{"count":16273,"self":5.2338984,"total":5.3216646999999995,"children":{"RayPerceptionSensor.Perceive":{"count":16273,"self":0.087766299999999992,"total":0.087766299999999992,"children":null}}}}}},"gauges":{"CollectAllDiamonds.CumulativeReward":{"count":16299,"max":262.599823,"min":-116.3998,"runningAverage":91.27083,"value":64.6000061,"weightedAverage":89.04167}},"metadata":{"timer_format_version":"0.1.0","start_time_seconds":"1724528792","unity_version":"2022.3.21f1","command_line_arguments":"C:\\Program Files\\Unity\\Hub\\Editor\\2022.3.21f1\\Editor\\Unity.exe -projectpath D:\\Studia\\Thesis\\Stealth game\\Stealth Game -useHub -hubIPC -cloudEnvironment production -licensingIpc LicenseClient-ksawe -hubSessionId f04ad624-3168-4519-8067-088a115f5670 -accessToken pHHBKMgeJ_wQ6MEa1BZIBq09EW02Z4V2PYR3bSHCtos001f","communication_protocol_version":"1.5.0","com.unity.ml-agents_version":"2.0.1","scene_name":"Mlagent-FifthTest-Djikstra","end_time_seconds":"1724535322"}}