{"count":1,"self":204.79829759999998,"total":2763.9975246,"children":{"InitializeActuators":{"count":24,"self":0.0019993,"total":0.0019993,"children":null},"InitializeSensors":{"count":24,"self":0.0019897,"total":0.0019897,"children":null},"AgentSendState":{"count":142417,"self":41.8420736,"total":170.62142179999998,"children":{"CollectObservations":{"count":683616,"self":17.919016,"total":17.9190161,"children":null},"WriteActionMask":{"count":683616,"self":0.4069387,"total":0.4069387,"children":null},"RequestDecision":{"count":683616,"self":1.8283136,"total":110.4533936,"children":{"AgentInfo.ToProto":{"count":683616,"self":1.9432912,"total":108.62508009999999,"children":{"GenerateSensorData":{"count":683616,"self":104.76428159999999,"total":106.68178879999999,"children":{"RayPerceptionSensor.Perceive":{"count":683616,"self":1.9175084,"total":1.9175083,"children":null}}}}}}}}},"DecideAction":{"count":142417,"self":2250.4720383999997,"total":2250.4721098,"children":null},"AgentAct":{"count":142417,"self":136.8798464,"total":136.9416288,"children":{"AgentInfo.ToProto":{"count":146,"self":0.0009972,"total":0.0617864,"children":{"GenerateSensorData":{"count":146,"self":0.0597891,"total":0.060789199999999995,"children":{"RayPerceptionSensor.Perceive":{"count":146,"self":0.0010000999999999999,"total":0.0010000999999999999,"children":null}}}}}}},"AgentInfo.ToProto":{"count":3557,"self":0.0255658,"total":1.160072,"children":{"GenerateSensorData":{"count":3557,"self":1.1218337999999999,"total":1.1345062,"children":{"RayPerceptionSensor.Perceive":{"count":3557,"self":0.012672399999999999,"total":0.012672399999999999,"children":null}}}}}},"gauges":{"CollectAllDiamonds.CumulativeReward":{"count":3703,"max":276.9998,"min":-66.8998642,"runningAverage":133.233459,"value":79.90003,"weightedAverage":135.6444}},"metadata":{"timer_format_version":"0.1.0","start_time_seconds":"1724505388","unity_version":"2022.3.21f1","command_line_arguments":"C:\\Program Files\\Unity\\Hub\\Editor\\2022.3.21f1\\Editor\\Unity.exe -projectpath D:\\Studia\\Thesis\\Stealth game\\Stealth Game -useHub -hubIPC -cloudEnvironment production -licensingIpc LicenseClient-ksawe -hubSessionId f04ad624-3168-4519-8067-088a115f5670 -accessToken hpB6YRUGm-roNaasf9u5-L7D3lm3_ELlvs2N1totRPA001f","communication_protocol_version":"1.5.0","com.unity.ml-agents_version":"2.0.1","scene_name":"Mlagent-FifthTest-Djikstra","end_time_seconds":"1724508152"}}