{"count":1,"self":80.0661056,"total":640.2007059,"children":{"InitializeActuators":{"count":16,"self":0.0029996999999999997,"total":0.0029996999999999997,"children":null},"InitializeSensors":{"count":16,"self":0.0019961,"total":0.0019961,"children":null},"AgentSendState":{"count":44367,"self":6.805632,"total":67.2647203,"children":{"CollectObservations":{"count":141984,"self":36.084083199999995,"total":36.084082699999996,"children":null},"WriteActionMask":{"count":141984,"self":0.1009651,"total":0.1009651,"children":null},"RequestDecision":{"count":141984,"self":0.4475633,"total":24.274040199999998,"children":{"AgentInfo.ToProto":{"count":141984,"self":0.432714,"total":23.8264769,"children":{"GenerateSensorData":{"count":141984,"self":23.14764,"total":23.3937629,"children":{"RayPerceptionSensor.Perceive":{"count":141984,"self":0.2461224,"total":0.2461224,"children":null}}}}}}}}},"DecideAction":{"count":44367,"self":478.8266496,"total":478.82665449999996,"children":null},"AgentAct":{"count":44367,"self":13.5472752,"total":13.589587999999999,"children":{"AgentInfo.ToProto":{"count":113,"self":0.000998,"total":0.0423129,"children":{"GenerateSensorData":{"count":113,"self":0.040315199999999995,"total":0.041314899999999995,"children":{"RayPerceptionSensor.Perceive":{"count":113,"self":0.00099969999999999985,"total":0.00099969999999999985,"children":null}}}}}}},"AgentInfo.ToProto":{"count":1504,"self":0.0029953,"total":0.44764139999999997,"children":{"GenerateSensorData":{"count":1504,"self":0.4406522,"total":0.4446461,"children":{"RayPerceptionSensor.Perceive":{"count":1504,"self":0.0039939,"total":0.0039939,"children":null}}}}}},"gauges":{"CollectAllDiamonds.CumulativeReward":{"count":1617,"max":10060.3584,"min":-3136.374,"runningAverage":139.75235,"value":-297.25412,"weightedAverage":-474.152344}},"metadata":{"timer_format_version":"0.1.0","start_time_seconds":"1724253076","unity_version":"2022.3.21f1","command_line_arguments":"C:\\Program Files\\Unity\\Hub\\Editor\\2022.3.21f1\\Editor\\Unity.exe -projectpath D:\\Studia\\Thesis\\Stealth game\\Stealth Game -useHub -hubIPC -cloudEnvironment production -licensingIpc LicenseClient-ksawe -hubSessionId 99fd0af2-f842-439c-9ba0-ec27b8a2052f -accessToken kp2nuNFkWUork3ND2OEqIM5C3u0cSzIz8iduGS5GcrU001f","communication_protocol_version":"1.5.0","com.unity.ml-agents_version":"2.0.1","scene_name":"Mlagent-FifthTest-Djikstra","end_time_seconds":"1724253716"}}