{"count":1,"self":231.312512,"total":3185.1011177,"children":{"InitializeActuators":{"count":24,"self":0.0010261,"total":0.0010261,"children":null},"InitializeSensors":{"count":24,"self":0.0025044999999999998,"total":0.0025044999999999998,"children":null},"AgentSendState":{"count":164751,"self":43.609808,"total":196.69616549999998,"children":{"CollectObservations":{"count":790824,"self":23.212836799999998,"total":23.212837,"children":null},"WriteActionMask":{"count":790824,"self":0.4495125,"total":0.4495125,"children":null},"RequestDecision":{"count":790824,"self":2.1768316,"total":129.4240094,"children":{"AgentInfo.ToProto":{"count":790824,"self":2.011344,"total":127.2471779,"children":{"GenerateSensorData":{"count":790824,"self":122.36193279999999,"total":125.2358338,"children":{"RayPerceptionSensor.Perceive":{"count":790824,"self":2.8739027999999998,"total":2.8739027999999998,"children":null}}}}}}}}},"DecideAction":{"count":164751,"self":2604.1976832,"total":2604.1977334999997,"children":null},"AgentAct":{"count":164751,"self":150.9242496,"total":150.9635028,"children":{"AgentInfo.ToProto":{"count":106,"self":0.001,"total":0.0392534,"children":{"GenerateSensorData":{"count":106,"self":0.0372551,"total":0.0382534,"children":{"RayPerceptionSensor.Perceive":{"count":106,"self":0.0009983,"total":0.0009983,"children":null}}}}}}},"AgentInfo.ToProto":{"count":6031,"self":0.0520471,"total":1.9266668999999998,"children":{"GenerateSensorData":{"count":6031,"self":1.8449099999999998,"total":1.8746197999999998,"children":{"RayPerceptionSensor.Perceive":{"count":6031,"self":0.0297097,"total":0.0297097,"children":null}}}}}},"gauges":{"CollectAllDiamonds.CumulativeReward":{"count":6137,"max":191.700012,"min":-233.000839,"runningAverage":47.663784,"value":-4.99977732,"weightedAverage":68.00652}},"metadata":{"timer_format_version":"0.1.0","start_time_seconds":"1724663263","unity_version":"2022.3.21f1","command_line_arguments":"C:\\Program Files\\Unity\\Hub\\Editor\\2022.3.21f1\\Editor\\Unity.exe -projectpath D:\\Studia\\Thesis\\Stealth game\\Stealth Game -useHub -hubIPC -cloudEnvironment production -licensingIpc LicenseClient-ksawe -hubSessionId 6a112cb2-9de8-47f4-b5c2-335fd198258c -accessToken 2mJvFY4jXiBBWUYQYAyBbxWWGAl5Khxj6eYkKgAp7oU001f","communication_protocol_version":"1.5.0","com.unity.ml-agents_version":"2.0.1","scene_name":"Mlagent-SixthTest","end_time_seconds":"1724666448"}}