{
    "name": "root",
    "gauges": {
        "CollectAllDiamonds.Policy.Entropy.mean": {
            "value": 2.055365562438965,
            "min": 1.4840842485427856,
            "max": 2.055365562438965,
            "count": 8
        },
        "CollectAllDiamonds.Policy.Entropy.sum": {
            "value": 20348.119140625,
            "min": 15155.4677734375,
            "max": 20348.119140625,
            "count": 8
        },
        "CollectAllDiamonds.Environment.EpisodeLength.mean": {
            "value": 56.22,
            "min": 48.95180722891566,
            "max": 120.18791946308725,
            "count": 8
        },
        "CollectAllDiamonds.Environment.EpisodeLength.sum": {
            "value": 8433.0,
            "min": 5294.0,
            "max": 17908.0,
            "count": 8
        },
        "CollectAllDiamonds.Step.mean": {
            "value": 79979.0,
            "min": 9967.0,
            "max": 79979.0,
            "count": 8
        },
        "CollectAllDiamonds.Step.sum": {
            "value": 79979.0,
            "min": 9967.0,
            "max": 79979.0,
            "count": 8
        },
        "CollectAllDiamonds.Policy.ExtrinsicValueEstimate.mean": {
            "value": -85.30868530273438,
            "min": -85.30868530273438,
            "max": -34.29047775268555,
            "count": 8
        },
        "CollectAllDiamonds.Policy.ExtrinsicValueEstimate.sum": {
            "value": -20132.849609375,
            "min": -20132.849609375,
            "max": -7166.70947265625,
            "count": 8
        },
        "CollectAllDiamonds.Environment.CumulativeReward.mean": {
            "value": -153.11409395973155,
            "min": -153.11409395973155,
            "max": -103.60283687943263,
            "count": 8
        },
        "CollectAllDiamonds.Environment.CumulativeReward.sum": {
            "value": -22814.0,
            "min": -24154.0,
            "max": -9350.0,
            "count": 8
        },
        "CollectAllDiamonds.Policy.ExtrinsicReward.mean": {
            "value": -153.11409395973155,
            "min": -153.11409395973155,
            "max": -103.60283687943263,
            "count": 8
        },
        "CollectAllDiamonds.Policy.ExtrinsicReward.sum": {
            "value": -22814.0,
            "min": -24154.0,
            "max": -9350.0,
            "count": 8
        },
        "CollectAllDiamonds.Losses.PolicyLoss.mean": {
            "value": 0.25322780473110895,
            "min": 0.25156452138873336,
            "max": 0.29017795530190865,
            "count": 8
        },
        "CollectAllDiamonds.Losses.PolicyLoss.sum": {
            "value": 19.751768769026498,
            "min": 18.960497706679572,
            "max": 22.633880513548874,
            "count": 8
        },
        "CollectAllDiamonds.Losses.ValueLoss.mean": {
            "value": 152.16918452082305,
            "min": 152.16918452082305,
            "max": 348.4488672107651,
            "count": 8
        },
        "CollectAllDiamonds.Losses.ValueLoss.sum": {
            "value": 11869.196392624199,
            "min": 11869.196392624199,
            "max": 27875.90937686121,
            "count": 8
        },
        "CollectAllDiamonds.Policy.LearningRate.mean": {
            "value": 0.0002550170919173845,
            "min": 0.0002550170919173845,
            "max": 0.00029701982407031533,
            "count": 8
        },
        "CollectAllDiamonds.Policy.LearningRate.sum": {
            "value": 0.019891333169555995,
            "min": 0.0195784977738344,
            "max": 0.023167546277484595,
            "count": 8
        },
        "CollectAllDiamonds.Policy.Epsilon.mean": {
            "value": 0.18500569230769232,
            "min": 0.18500569230769232,
            "max": 0.19900660769230769,
            "count": 8
        },
        "CollectAllDiamonds.Policy.Epsilon.sum": {
            "value": 14.430444000000001,
            "min": 14.0261656,
            "max": 15.5225154,
            "count": 8
        },
        "CollectAllDiamonds.Policy.Beta.mean": {
            "value": 0.0005000000000000001,
            "min": 0.0005000000000000001,
            "max": 0.0005000000000000001,
            "count": 8
        },
        "CollectAllDiamonds.Policy.Beta.sum": {
            "value": 0.03900000000000001,
            "min": 0.037500000000000006,
            "max": 0.04000000000000001,
            "count": 8
        },
        "CollectAllDiamonds.IsTraining.mean": {
            "value": 1.0,
            "min": 1.0,
            "max": 1.0,
            "count": 8
        },
        "CollectAllDiamonds.IsTraining.sum": {
            "value": 1.0,
            "min": 1.0,
            "max": 1.0,
            "count": 8
        }
    },
    "metadata": {
        "timer_format_version": "0.1.0",
        "start_time_seconds": "1723249952",
        "python_version": "3.9.13 (tags/v3.9.13:6de2ca5, May 17 2022, 16:36:42) [MSC v.1929 64 bit (AMD64)]",
        "command_line_arguments": "D:\\Studia\\Thesis\\Stealth game\\venv\\Scripts\\mlagents-learn config\\collectAllDiamonds.yaml --time-scale=3 --run-id playerMlAgenttest15",
        "mlagents_version": "0.30.0",
        "mlagents_envs_version": "0.30.0",
        "communication_protocol_version": "1.5.0",
        "pytorch_version": "2.2.2+cu121",
        "numpy_version": "1.21.2",
        "end_time_seconds": "1723250896"
    },
    "total": 943.9284186,
    "count": 1,
    "self": 0.01933279999991555,
    "children": {
        "run_training.setup": {
            "total": 0.08608579999999977,
            "count": 1,
            "self": 0.08608579999999977
        },
        "TrainerController.start_learning": {
            "total": 943.8230000000001,
            "count": 1,
            "self": 0.27332490000128473,
            "children": {
                "TrainerController._reset_env": {
                    "total": 8.6290287,
                    "count": 1,
                    "self": 8.6290287
                },
                "TrainerController.advance": {
                    "total": 934.8209067999986,
                    "count": 14747,
                    "self": 0.2879277999993519,
                    "children": {
                        "env_step": {
                            "total": 700.8053914999956,
                            "count": 14747,
                            "self": 668.4454721999913,
                            "children": {
                                "SubprocessEnvManager._take_step": {
                                    "total": 32.18931540000425,
                                    "count": 14747,
                                    "self": 0.7937674000078019,
                                    "children": {
                                        "TorchPolicy.evaluate": {
                                            "total": 31.395547999996445,
                                            "count": 14040,
                                            "self": 31.395547999996445
                                        }
                                    }
                                },
                                "workers": {
                                    "total": 0.17060390000010806,
                                    "count": 14746,
                                    "self": 0.0,
                                    "children": {
                                        "worker_root": {
                                            "total": 931.5382676000028,
                                            "count": 14746,
                                            "is_parallel": true,
                                            "self": 281.6195806999991,
                                            "children": {
                                                "steps_from_proto": {
                                                    "total": 0.0004338999999999871,