{"cameraMode":{"drawMode":0,"name":"Shaded","section":"Shading Mode"},"sceneLighting":false,"audioPlay":false,"sceneViewState":{"m_AlwaysRefresh":false,"showFog":false,"showSkybox":false,"showFlares":false,"showImageEffects":false,"showParticleSystems":false,"showVisualEffectGraphs":true,"m_FxEnabled":true},"in2DMode":false,"pivot":{"x":0.040650997310876849,"y":0.5068501234054565,"z":0.04517345130443573},"rotation":{"x":-0.05194450914859772,"y":0.9077172875404358,"z":-0.12058413028717041,"w":-0.39967742562294009},"size":0.2640080451965332,"orthographic":false}