{"cameraMode":{"drawMode":0,"name":"Shaded","section":"Shading Mode"},"sceneLighting":false,"audioPlay":false,"sceneViewState":{"m_AlwaysRefresh":false,"showFog":false,"showSkybox":false,"showFlares":false,"showImageEffects":false,"showParticleSystems":false,"showVisualEffectGraphs":true,"m_FxEnabled":true},"in2DMode":false,"pivot":{"x":0.07359136641025543,"y":-0.07871093600988388,"z":-0.12613674998283387},"rotation":{"x":-0.26856839656829836,"y":0.1311030089855194,"z":-0.038474272936582568,"w":-0.9540404677391052},"size":0.8660253882408142,"orthographic":false}